{"TaxRate":0.5,"InputPrices":[1.1,2.2,3.2,4.4],"TaxIncludedPrices":{"1.10":1.6500000000000001,"2.20":3.3000000000000003,"3.20":4.800000000000001,"4.40":6.6000000000000005}}
